{
  "Workflows": [
    {
      "Path": null,
      "SortBy": 0,
      "VariablesSectionElementsOrder": [],
      "ArgumentsSectionElementsOrder": null,
      "ConstantsSectionElementsOrder": [],
      "AddedNamespaces": null
    },
    {
      "Path": "practice1.xaml",
      "SortBy": 0,
      "VariablesSectionElementsOrder": [
        "prev1Year&Sequence_1",
        "sFilePath&Sequence_1",
        "sMailAddress&Sequence_1",
        "sMailPw&Sequence_1",
        "bFolderState&Sequence_37",
        "bFileState&Sequence_37",
        "totalCnt통계&Sequence_1",
        "totalCnt컴활&Sequence_1",
        "totalCnt회계&Sequence_1",
        "totalCnt디자인&Sequence_1",
        "통계_합격률&Sequence_1",
        "디자인_합격률&Sequence_1",
        "컴활_합격률&Sequence_1",
        "회계_합격률&Sequence_1",
        "dHundred&Sequence_29",
        "passCnt통계&Sequence_1",
        "passCnt디자인&Sequence_1",
        "passCnt회계&Sequence_1",
        "passCnt컴활&Sequence_1",
        "idx_i&Sequence_1",
        "idx1&Sequence_1",
        "score&Sequence_9",
        "subject&Sequence_9",
        "dt_Data&Sequence_1",
        "dt_DataAll&Sequence_1",
        "pass통계&Sequence_1",
        "pass디자인&Sequence_1",
        "pass컴활&Sequence_1",
        "pass회계&Sequence_1"
      ],
      "ArgumentsSectionElementsOrder": [],
      "ConstantsSectionElementsOrder": [],
      "AddedNamespaces": null
    },
    {
      "Path": "test1.xaml",
      "SortBy": 0,
      "VariablesSectionElementsOrder": [
        "dt_person&Sequence_1",
        "firstTime&Sequence_1",
        "sFirstTime&Sequence_1",
        "currentTime&Sequence_6",
        "sCurrentTime&Sequence_6",
        "dt_scrap&Sequence_6"
      ],
      "ArgumentsSectionElementsOrder": [],
      "ConstantsSectionElementsOrder": [],
      "AddedNamespaces": null
    },
    {
      "Path": "test2.xaml",
      "SortBy": 0,
      "VariablesSectionElementsOrder": [
        "dt_person&Sequence_1",
        "bCondition&Sequence_3",
        "firstName&Sequence_2",
        "lastName&Sequence_2",
        "companyName&Sequence_2",
        "roleInCompany&Sequence_2",
        "address&Sequence_2",
        "email&Sequence_2",
        "phoneNumber&Sequence_2"
      ],
      "ArgumentsSectionElementsOrder": [],
      "ConstantsSectionElementsOrder": [],
      "AddedNamespaces": null
    },
    {
      "Path": "practice2.xaml",
      "SortBy": 0,
      "VariablesSectionElementsOrder": [
        "fileName&Sequence_17",
        "testidx&Sequence_17",
        "dt_fileName&Sequence_17",
        "fileNameIdx&Sequence_22",
        "pcAccountId&Sequence_1",
        "MailAttachments&Sequence_29",
        "postTitle&Sequence_9",
        "postContent&Sequence_9",
        "dt_Post&Sequence_28",
        "i_TotalPost&Sequence_2",
        "s_TotalPost&Sequence_2",
        "childCount&Sequence_17",
        "findChild&Sequence_17",
        "importFileIdx&Sequence_17",
        "trIdx&Sequence_8",
        "loopCnt&Sequence_8",
        "pagerIdx&Sequence_8"
      ],
      "ArgumentsSectionElementsOrder": [],
      "ConstantsSectionElementsOrder": [],
      "AddedNamespaces": null
    }
  ]
}