{
  "Workflows": [
    {
      "Path": null,
      "SortBy": 0,
      "VariablesSectionElementsOrder": [],
      "ArgumentsSectionElementsOrder": null,
      "ConstantsSectionElementsOrder": [],
      "AddedNamespaces": null
    },
    {
      "Path": "Main.xaml",
      "SortBy": 0,
      "VariablesSectionElementsOrder": [
        "recommentCnt&Sequence_26",
        "el_recommend&Sequence_26",
        "el_existRecc&Sequence_26",
        "mailAddr&Sequence_1",
        "isSoldOut2&Sequence_15",
        "idx_i&Sequence_7",
        "idx_item&Sequence_9",
        "isSoldOut&Sequence_13",
        "className&Sequence_13",
        "dt_soldout&Sequence_7",
        "dt_itemData4&Sequence_7",
        "excelFolderPath&Sequence_1",
        "mailContent&Sequence_2",
        "mailTitle&Sequence_2",
        "formatPrice&Sequence_15",
        "formatDiscnt&Sequence_15",
        "dr_minPrice&Sequence_1",
        "minPrice&Sequence_1",
        "maxDiscnt&Sequence_1",
        "dr_maxDiscntItem&Sequence_1",
        "excelFileName&Sequence_1",
        "dt_quiz&Sequence_1",
        "urlLowPrice&Sequence_9",
        "urlSlice&Sequence_9",
        "urlIdx&Sequence_9",
        "dt_detailType&Sequence_7",
        "itemCnt&Sequence_9",
        "idx_depth1&Sequence_1",
        "dt_category2&Sequence_7",
        "dt_category1&Sequence_1"
      ],
      "ArgumentsSectionElementsOrder": [],
      "ConstantsSectionElementsOrder": [],
      "AddedNamespaces": null
    },
    {
      "Path": "mailtest.xaml",
      "SortBy": 0,
      "VariablesSectionElementsOrder": [
        "pw&Sequence_42"
      ],
      "ArgumentsSectionElementsOrder": [],
      "ConstantsSectionElementsOrder": [],
      "AddedNamespaces": null
    },
    {
      "Path": "test2.xaml",
      "SortBy": 0,
      "VariablesSectionElementsOrder": [
        "totalRowCnt&Sequence_1",
        "dataRowCnt&Sequence_12",
        "firstText&Sequence_12",
        "certiName&Sequence_12",
        "dt_data&Sequence_12",
        "idx_n&Sequence_6",
        "depth5Cnt&Sequence_6",
        "getRows5&Sequence_6",
        "browser1&Sequence_1",
        "idx_m&Sequence_3",
        "depth4Cnt&Sequence_3",
        "getRows4&Sequence_3",
        "idx_j&Sequence_2",
        "idx_k&Sequence_4",
        "depth2Cnt&Sequence_2",
        "depth3Cnt&Sequence_2",
        "getRow2&Sequence_2",
        "getRows3&Sequence_2",
        "idx_i&Sequence_1",
        "depth1Cnt&Sequence_1",
        "getRows1&Sequence_1"
      ],
      "ArgumentsSectionElementsOrder": [],
      "ConstantsSectionElementsOrder": [],
      "AddedNamespaces": null
    },
    {
      "Path": "Main2.xaml",
      "SortBy": 0,
      "VariablesSectionElementsOrder": [
        "dt_itemData4&Sequence_4",
        "dt_category1&Sequence_2",
        "idx_depth1&Sequence_2",
        "dt_quiz&Sequence_2",
        "excelFileName&Sequence_2",
        "dr_maxDiscntItem&Sequence_2",
        "maxDiscnt&Sequence_2",
        "minPrice&Sequence_2",
        "dr_minPrice&Sequence_2",
        "excelFolderPath&Sequence_2",
        "mailAddr&Sequence_2",
        "mailTitle&Sequence_3",
        "mailContent&Sequence_3",
        "dt_category2&Sequence_4",
        "dt_detailType&Sequence_4",
        "dt_soldout&Sequence_4",
        "idx_i&Sequence_4",
        "itemCnt&Sequence_5",
        "urlIdx&Sequence_5",
        "urlSlice&Sequence_5",
        "urlLowPrice&Sequence_5",
        "idx_item&Sequence_5",
        "el_existRecc&Sequence_6",
        "el_recommend&Sequence_6",
        "recommentCnt&Sequence_6",
        "className&Sequence_7",
        "isSoldOut&Sequence_7",
        "formatDiscnt&Sequence_8",
        "formatPrice&Sequence_8",
        "isSoldOut2&Sequence_8"
      ],
      "ArgumentsSectionElementsOrder": [],
      "ConstantsSectionElementsOrder": [],
      "AddedNamespaces": null
    }
  ]
}